{"data": [{"Time": 41505.0, "V1": -16.5265065691231, "V2": 8.58497179585822, "V3": -18.649853185194498, "V4": 9.50559351508723, "V5": -13.793818527095699, "V6": -2.8324042993974703, "V7": -16.701694296045, "V8": 7.517343903709871, "V9": -8.50705863675898, "V10": -14.110184441545698, "V11": 5.29923634963938, "V12": -10.8340064814734, "V13": 1.67112025332681, "V14": -9.37385858364976, "V15": 0.36080564163161705, "V16": -9.899246540806661, "V17": -19.2362923697613, "V18": -8.39855199494575, "V19": 3.10173536885404, "V20": -1.51492343527852, "V21": 1.19073869481428, "V22": -1.1276700090206102, "V23": -2.3585787697881, "V24": 0.6734613289872371, "V25": -1.4136996745881998, "V26": -0.46276236139933, "V27": -2.01857524875161, "V28": -1.04280416970881, "Amount": 364.19}, {"Time": 102542.0, "V1": -1.4568763177056203, "V2": 3.7403055608011297, "V3": -7.40451844591174, "V4": 7.440964035907349, "V5": -1.5498779534738, "V6": -1.66169686169337, "V7": -5.7572130135764095, "V8": 1.61501101078404, "V9": -2.19488072574389, "V10": -6.80713525144464, "V11": 6.82579316213884, "V12": -10.399749117769199, "V13": 1.83644883978883, "V14": -11.872845098188, "V15": -3.6423925983095002, "V16": -6.0441031440521, "V17": -9.750776386541231, "V18": -3.11637225405711, "V19": 0.0653171492484702, "V20": 0.529557330911833, "V21": 0.9578974516299441, "V22": 0.14533947967678099, "V23": -0.0447039008346728, "V24": -0.544961671329029, "V25": -0.7577565355547209, "V26": -0.00535236923589807, "V27": 0.318152285707546, "V28": -0.32355362264237103, "Amount": 2.28}, {"Time": 74262.0, "V1": -2.25053480921229, "V2": 2.3657548777231203, "V3": -2.9554911792438503, "V4": 0.0897905975142065, "V5": -2.83074456678034, "V6": -0.8444616392077721, "V7": -0.174061560679368, "V8": -0.40713813783378705, "V9": 0.174216293591102, "V10": -2.9989262562074, "V11": 2.60516857519668, "V12": -3.67771661422902, "V13": -0.961254636207547, "V14": -4.62948099682303, "V15": 1.94218161282, "V16": -4.18037888438458, "V17": -4.60568646763486, "V18": -2.55718413666009, "V19": 1.5895822019121102, "V20": -0.48653714178381, "V21": 0.256559618287662, "V22": -0.466245243122949, "V23": 0.291104927494009, "V24": 0.242566552797207, "V25": -1.2790937115040402, "V26": -1.12353433717278, "V27": -0.630976512544474, "V28": 0.32683920401268896, "Amount": 311.28}, {"Time": 100501.0, "V1": -6.9852674861123, "V2": 5.1510935687259805, "V3": -4.59933777342036, "V4": 4.534478600647679, "V5": 0.8490539786117192, "V6": -0.21070120327864397, "V7": -4.42522968507474, "V8": -5.13452515572624, "V9": 0.0693205728889109, "V10": -0.870997150804889, "V11": 5.20081516878268, "V12": -7.802227789712809, "V13": 0.0339124179895287, "V14": -7.56013197197136, "V15": -1.01465193469311, "V16": -1.50792960088674, "V17": -3.4102745678047097, "V18": 0.10754400735907199, "V19": -1.3755176563727298, "V20": -1.24699631854492, "V21": 5.45367185347674, "V22": -2.0561771435830702, "V23": -0.280333720590026, "V24": 0.120771472511766, "V25": 0.569357720918146, "V26": 0.14597146600157598, "V27": 0.30019346928468393, "V28": 1.77936385243205, "Amount": 0.76}, {"Time": 140308.0, "V1": -4.861746657425059, "V2": -2.7226603246525403, "V3": -4.6562480902453, "V4": 2.50200470213773, "V5": -2.00834642496284, "V6": 0.615421803000716, "V7": -3.4856795852374, "V8": 1.87885554354264, "V9": -1.1162679869371699, "V10": -5.11297108805175, "V11": 2.9456208658257004, "V12": -4.10212741074135, "V13": -0.47720297337176204, "V14": -4.35043446756499, "V15": 0.000716343477325508, "V16": -5.03744940979325, "V17": -8.07801049835537, "V18": -3.45798118698593, "V19": 0.596696430089622, "V20": 0.285558785827713, "V21": 1.1388759328634999, "V22": 1.0336643401937702, "V23": -0.806198897465357, "V24": -1.5110464188391297, "V25": -0.191731402147673, "V26": 0.0809988303848193, "V27": 1.21515161370172, "V28": -0.9231416086485159, "Amount": 592.9}, {"Time": 44261.0, "V1": 0.33981206391426005, "V2": -2.7437452373292, "V3": -0.134069510964111, "V4": -1.3857293091396001, "V5": -1.45141332053475, "V6": 1.01588659391832, "V7": -0.5243790569210129, "V8": 0.22406037608059698, "V9": 0.899746004868937, "V10": -0.5650116836485151, "V11": -0.0876702572804589, "V12": 0.979426987868997, "V13": 0.0768828167722893, "V14": -0.21788381214215902, "V15": -0.136829587651677, "V16": -2.1428920902168502, "V17": 0.12695606466953, "V18": 1.75266150752555, "V19": 0.43254622373008705, "V20": 0.506043885230096, "V21": -0.213435843580959, "V22": -0.9425250246228399, "V23": -0.526819174549234, "V24": -1.15699189743217, "V25": 0.31121051018509494, "V26": -0.7466466791293002, "V27": 0.0409958026777039, "V28": 0.10203782457011301, "Amount": 520.12}, {"Time": 35484.0, "V1": 1.39959026890982, "V2": -0.590701288480912, "V3": 0.168618940413043, "V4": -1.0299503252531899, "V5": -0.539806452023856, "V6": 0.0404441131922421, "V7": -0.712566691438501, "V8": 0.00229859382280741, "V9": -0.9717470922282259, "V10": 0.756800543994845, "V11": 0.5438273596799971, "V12": 0.11245296777925301, "V13": 1.0753835199819302, "V14": -0.24577198319222301, "V15": 0.18048280545652104, "V16": 1.76986004009326, "V17": -0.533172248474693, "V18": -0.533300338479197, "V19": 1.19224521937942, "V20": 0.212877195101415, "V21": 0.102397692760391, "V22": 0.16826933872988, "V23": -0.166639089920173, "V24": -0.81024967952079, "V25": 0.505083112107574, "V26": -0.23234001081848105, "V27": 0.0114086453561191, "V28": 0.0046341416580672, "Amount": 31.0}, {"Time": 167123.0, "V1": -0.43207113598796004, "V2": 1.6478952228322898, "V3": -1.66936062520264, "V4": -0.349504272026618, "V5": 0.7857847250059351, "V6": -0.63064671400393, "V7": 0.276990104486731, "V8": 0.5860245453933549, "V9": -0.48471518306817396, "V10": -1.3766482665181698, "V11": -1.32833549117357, "V12": 0.22362068081888398, "V13": 1.1326270378099499, "V14": -0.550875406818697, "V15": 0.616567935715225, "V16": 0.4979741638010371, "V17": 0.502195472328869, "V18": 0.981342761365518, "V19": 0.10126396921910999, "V20": -0.24463331257629603, "V21": 0.358931565613608, "V22": 0.8736632165194771, "V23": -0.178641812509582, "V24": -0.0171707728114413, "V25": -0.207391715007575, "V26": -0.157756437394835, "V27": -0.23738598948832199, "V28": 0.0019341238860032398, "Amount": 1.5}, {"Time": 168473.0, "V1": 2.0141602760497497, "V2": -0.13739401961711803, "V3": -1.015838997077, "V4": 0.32726895879776, "V5": -0.182179328919901, "V6": -0.95657056029283, "V7": 0.043240842712407995, "V8": -0.16074598284871697, "V9": 0.3632412033061379, "V10": 0.259451902075089, "V11": 0.942161998783695, "V12": 0.850037649875283, "V13": -0.616165538628619, "V14": 0.592633856245474, "V15": -0.603845391436171, "V16": 0.0910772462056342, "V17": -0.47186665597975297, "V18": -0.333816385191609, "V19": 0.404711330070271, "V20": -0.255292969598592, "V21": -0.23864384423508997, "V22": -0.616400475330658, "V23": 0.34704456927668104, "V24": 0.0615611685302417, "V25": -0.36019562168618796, "V26": 0.17473001450649203, "V27": -0.0780434545993313, "V28": -0.0705705093379492, "Amount": 0.89}, {"Time": 67878.0, "V1": -0.641329678517919, "V2": -0.0573038714724775, "V3": 1.4899983294383898, "V4": -1.6881309482055602, "V5": -1.15104267004578, "V6": 0.259995891228813, "V7": -1.3910694069321299, "V8": -2.3340751971578597, "V9": 1.16864356799078, "V10": -2.08407993535079, "V11": 0.480381323168464, "V12": 0.47373838236373705, "V13": -2.19227552032932, "V14": 0.773941919366093, "V15": 0.29448367564407696, "V16": 0.40607449609094104, "V17": -0.541854847712498, "V18": 1.0314496846129302, "V19": 0.0170758379785041, "V20": 0.618410694486388, "V21": -1.23163402613829, "V22": 0.257164172341017, "V23": -0.37195301828173294, "V24": -0.0385660840591029, "V25": 1.39751366250267, "V26": -0.665946911670186, "V27": 0.0310030389738685, "V28": 0.180356653493136, "Amount": 100.0}]}